vek_txt,pohlavi_kod,1,2,3,4,5,6,7,8,9,10,11,12,13,14,15,16,17,18,19,20,21,22,23,24,25,26,27,28,29,30,31,32,33,34,35,36,37,38,39,40,41,42,43,44,45,46,47,48,49,50,51,52,53,54,55,56,57,58,59,60,61,62,63,64,66,67,68,69,70,71,72,73,74,75,76,77,78,99
0,1,26279,22,3,16,45,29,3,30,2409,72,3,0,1,2,4,3,1,14,0,123,39,3,0,1,9,1,35,9,7,3,67,2,0,0,0,2,0,0,0,0,475,32,228,4,0,1805,0,0,97,1,8,3,0,0,0,0,1,0,1,0,1,0,0,16,2,0,0,0,0,0,0,0,1,0,0,0,170,23696
0,2,25118,7,11,20,43,32,1,43,2280,71,9,3,1,1,4,9,0,15,0,113,37,3,1,2,11,0,31,7,5,2,70,0,4,0,1,0,0,2,0,0,466,38,248,4,0,1727,0,0,95,1,5,0,2,0,0,0,1,1,2,0,0,0,0,6,1,0,0,0,0,0,0,0,0,0,0,0,182,22672
1,1,26922,15,4,15,48,35,1,33,2677,92,14,4,2,4,1,10,1,16,0,170,31,5,0,0,12,0,32,13,4,0,89,2,0,1,1,0,1,3,0,0,623,48,282,5,0,1957,2,0,84,1,9,0,6,0,2,0,1,1,2,1,0,0,0,7,2,0,0,0,0,0,0,0,0,1,1,0,197,23330
1,2,25771,10,9,21,36,38,2,31,2624,88,14,2,2,5,0,16,0,13,0,148,30,2,0,1,7,3,26,7,7,3,64,1,2,0,2,0,1,1,0,0,541,36,256,6,0,1876,2,2,57,0,7,0,4,0,0,0,2,3,1,0,0,0,0,3,3,1,0,0,0,0,0,0,0,1,0,1,191,22151
2,1,28101,18,4,19,42,31,2,44,2800,97,9,1,1,4,4,9,0,18,0,158,36,4,0,0,7,0,44,2,3,2,93,0,1,0,0,0,3,1,0,0,619,58,285,4,0,2056,0,0,86,0,6,0,0,0,0,1,0,2,3,0,0,0,0,6,2,0,0,0,0,0,0,0,0,0,0,1,216,22906
2,2,26387,14,10,26,38,42,4,38,2866,87,11,3,1,2,5,8,0,14,0,158,34,4,0,0,8,1,28,11,2,1,72,1,3,1,1,1,3,0,0,0,599,62,289,3,0,2069,1,1,50,0,8,3,2,0,0,0,1,1,1,0,0,0,0,6,2,0,0,0,0,0,1,0,0,0,0,0,220,21985
3,1,28472,23,6,28,48,38,2,41,2861,100,18,3,1,2,6,8,1,16,0,163,38,4,2,3,7,0,35,13,0,1,79,3,0,0,1,4,1,0,1,0,654,61,306,9,0,2247,0,2,60,0,8,1,3,0,1,0,1,2,2,0,0,0,0,9,1,0,0,0,0,0,1,1,0,0,0,0,223,22990
3,2,27185,24,13,14,51,37,4,34,2763,95,10,3,4,4,2,5,0,16,0,156,33,4,0,1,7,2,30,1,2,1,72,0,0,0,3,2,0,2,0,0,610,47,266,7,0,2203,0,0,50,0,6,2,5,0,0,0,3,1,2,0,0,0,0,6,0,1,0,1,0,0,0,0,0,0,1,0,182,21857
4,1,28210,23,13,20,65,41,6,49,2853,119,8,3,1,9,3,10,0,15,0,151,27,4,0,1,10,0,42,6,2,0,68,1,6,1,2,3,0,2,0,0,690,58,274,5,0,2332,1,1,52,0,12,2,6,0,0,1,1,0,1,1,0,0,0,3,4,0,0,0,0,0,0,0,0,1,0,1,215,22436
4,2,26778,23,13,20,46,35,3,40,2809,110,7,5,2,5,3,15,0,21,0,161,35,6,0,1,7,2,22,2,2,0,81,1,2,1,3,1,2,0,0,0,611,49,279,0,0,2374,1,1,48,0,9,1,2,0,0,0,0,2,3,0,0,0,0,5,0,0,0,0,0,0,0,0,0,0,0,0,205,21331
5,1,28380,33,5,26,63,46,4,46,2754,103,6,4,3,5,3,11,1,28,1,146,38,5,0,1,6,0,29,11,4,4,71,1,1,0,3,3,1,2,0,0,679,58,286,4,0,2350,5,0,49,0,4,2,4,0,1,0,3,4,1,0,0,0,0,4,1,0,0,1,0,0,0,0,0,0,0,0,209,21985
5,2,26507,26,10,19,65,33,2,47,2772,108,7,6,2,4,4,6,0,24,1,173,29,5,1,3,6,3,26,10,0,2,59,0,1,1,1,3,3,1,0,0,652,62,291,5,0,2583,0,3,35,0,5,0,8,0,0,0,2,3,1,0,0,0,0,5,0,1,0,1,0,0,0,0,0,0,1,0,204,20741
6,1,28309,35,15,15,59,38,4,50,2904,109,9,7,5,8,6,8,0,24,0,171,37,8,0,4,8,2,32,6,4,3,64,0,2,1,2,3,1,2,0,0,729,45,301,2,0,2712,0,3,53,0,5,0,0,0,0,1,1,3,5,0,0,0,0,5,0,0,0,0,0,0,1,0,0,0,0,0,208,21093
6,2,26180,29,10,22,68,42,1,41,2874,108,10,5,6,4,7,9,0,21,0,136,28,5,0,4,9,2,33,13,5,1,55,0,2,0,1,0,1,2,0,0,697,36,288,2,0,2633,0,0,31,0,5,1,1,0,1,1,3,2,1,0,0,0,0,3,0,0,0,1,0,0,2,0,0,0,1,0,239,20139
7,1,27201,32,10,25,56,53,6,51,2898,112,11,6,4,2,5,10,0,20,0,168,37,4,0,1,9,3,24,8,1,0,58,3,1,0,3,2,0,0,0,0,696,60,303,5,0,2878,0,1,49,0,4,0,0,0,0,0,2,1,1,0,1,0,0,5,0,0,0,0,0,0,0,0,0,0,0,0,225,20507
7,2,26012,20,16,20,68,40,3,38,2879,107,9,2,2,2,3,6,0,28,0,164,44,2,0,0,8,0,30,6,4,3,67,0,0,0,0,4,1,1,0,0,733,66,280,1,0,2676,3,2,36,0,3,1,8,0,0,1,4,2,3,0,0,0,0,6,1,0,0,1,0,0,0,1,0,1,0,0,191,19412
8,1,27708,21,10,28,52,49,3,48,3023,110,12,5,3,5,5,9,1,35,0,174,38,3,0,3,13,2,24,17,2,2,61,1,0,1,1,0,2,0,0,0,711,49,275,9,0,2851,2,1,59,1,3,4,6,0,0,1,0,3,1,0,0,0,0,4,2,0,0,2,0,0,0,0,0,0,0,0,254,20044
8,2,26334,32,11,31,87,32,4,50,2999,120,11,4,2,9,8,6,0,26,0,159,46,1,0,2,6,1,32,15,2,5,52,2,1,1,2,4,1,1,0,0,709,68,293,6,0,2827,4,2,26,0,9,0,5,0,0,1,0,1,0,0,0,0,0,5,2,1,1,0,0,0,0,0,0,0,0,0,226,19081
9,1,28078,26,11,18,99,41,4,45,3014,122,11,3,2,10,8,11,0,37,1,185,41,6,0,2,10,3,19,10,2,0,59,1,3,0,3,1,2,2,0,0,721,47,299,8,0,2866,2,2,65,0,6,0,9,0,0,1,1,3,3,0,1,0,0,3,1,0,0,0,0,0,0,0,0,0,1,0,242,19966
9,2,26192,29,17,22,63,53,2,40,3039,113,5,6,2,1,4,7,1,27,0,169,42,3,0,3,10,1,18,16,1,2,44,2,0,0,2,2,2,0,0,0,772,76,297,5,0,2935,2,0,25,1,4,0,1,0,1,1,1,3,1,0,0,0,0,4,1,0,0,0,0,0,0,1,0,0,0,0,251,18849
10,1,29982,27,10,31,78,37,2,42,3201,113,7,4,6,7,4,7,0,28,0,151,37,5,0,2,8,2,34,11,1,2,60,1,2,0,1,0,0,0,0,0,809,78,347,8,0,3048,0,1,58,0,8,3,6,0,0,1,3,2,1,0,0,0,0,5,1,0,1,1,0,0,0,0,0,0,2,1,235,20796
10,2,28214,16,22,19,78,62,0,45,3204,145,12,7,1,9,1,9,0,35,0,175,41,0,0,1,16,0,25,11,0,3,60,1,0,0,5,1,3,3,0,0,822,72,327,7,0,3064,4,8,36,0,1,1,5,0,0,0,1,4,1,0,0,0,0,3,0,0,0,1,0,0,0,0,0,0,0,1,231,19642
11,1,31093,30,16,30,81,40,4,48,3259,130,8,9,1,8,9,15,0,36,0,193,45,4,0,2,5,3,29,9,1,3,54,1,2,0,2,3,2,3,0,0,799,75,285,6,0,3081,1,0,84,0,4,1,4,0,0,0,1,3,1,0,0,0,0,9,3,0,0,1,0,0,1,0,0,0,0,0,235,21225
11,2,29425,27,17,35,76,56,6,38,3251,131,5,4,2,3,6,11,0,44,0,185,39,3,0,0,16,3,19,14,0,0,52,2,1,1,2,2,0,2,0,0,843,93,315,5,0,3208,2,3,41,1,7,1,4,0,0,0,1,2,2,0,0,0,0,5,0,0,1,2,0,0,1,2,0,0,0,0,264,20084
12,1,31456,37,19,15,73,54,3,32,3236,174,8,3,4,8,6,15,2,30,0,203,42,2,0,2,11,1,27,10,1,1,76,1,1,0,2,4,0,0,0,0,853,73,322,6,0,3151,1,1,89,0,3,0,6,0,0,0,0,2,5,0,0,0,0,9,1,0,0,1,0,0,0,0,0,0,0,0,215,20867
12,2,29926,41,15,29,80,43,3,29,3176,128,5,6,4,8,9,9,1,58,0,146,41,4,0,1,17,0,26,8,1,2,45,1,1,1,1,2,1,1,0,0,781,59,288,5,0,3177,2,5,38,2,6,0,3,0,0,0,2,1,2,0,2,0,0,7,1,0,0,1,0,0,0,1,0,0,0,0,260,19961
13,1,31090,30,10,28,78,51,3,29,3038,139,10,3,4,10,7,2,0,44,0,173,37,4,1,2,17,2,20,16,1,1,56,0,2,0,5,1,0,2,0,0,783,76,317,7,0,2973,1,4,120,1,1,3,8,0,0,0,2,1,3,0,0,0,0,10,0,0,0,2,0,0,0,1,0,0,0,0,226,20362
13,2,29194,27,16,27,68,46,3,36,3028,133,6,8,1,9,7,8,0,42,0,168,52,7,0,1,20,1,18,16,3,3,58,1,3,0,4,3,1,2,1,0,803,77,277,2,0,3224,0,2,51,3,7,0,3,0,1,0,1,3,0,0,0,0,0,3,3,0,0,0,0,0,0,1,0,0,0,0,250,19673
14,1,29006,24,19,30,96,43,6,27,2971,116,5,4,4,13,9,10,0,29,0,167,45,1,0,0,11,1,17,13,4,0,55,0,3,0,5,2,1,2,0,0,738,77,265,2,0,2839,3,3,141,1,4,3,3,0,0,0,1,4,0,0,0,0,0,17,2,0,0,2,0,0,0,0,0,0,0,0,192,19029
14,2,26870,35,23,30,77,40,4,43,2849,143,5,7,0,6,2,8,1,41,0,155,46,4,0,2,15,3,23,12,0,0,56,0,2,0,3,2,2,2,0,0,741,57,296,9,0,3107,2,2,49,2,10,0,3,0,0,0,1,2,1,0,0,0,0,10,3,0,0,0,0,0,0,0,0,0,1,1,231,18006
15,1,28014,32,10,25,72,35,4,34,2794,123,4,9,0,11,8,4,0,38,1,139,41,7,0,1,15,1,25,9,1,1,83,0,0,0,2,0,2,0,0,0,619,72,269,7,0,2939,0,0,220,2,3,2,5,0,0,0,0,2,1,0,0,0,0,15,1,0,0,0,0,0,0,1,0,0,0,0,190,17385
15,2,25865,35,22,37,79,35,11,30,2786,124,6,6,2,9,5,8,1,46,0,125,37,4,0,1,19,1,20,24,2,0,63,0,3,2,2,2,0,3,0,0,705,55,280,5,0,3137,1,1,56,1,15,1,6,0,0,0,1,2,2,0,0,0,0,11,2,0,1,0,0,0,0,1,0,0,0,0,211,16523
16,1,27027,34,17,31,84,46,6,26,2619,116,3,4,1,10,9,7,0,38,0,158,52,4,0,1,17,3,23,21,5,1,107,0,2,0,3,1,4,0,0,0,673,65,235,12,0,2904,2,1,269,1,4,4,3,0,0,0,1,1,3,0,0,0,0,22,6,0,0,1,0,0,0,1,0,1,0,1,230,16308
16,2,24631,36,13,28,61,35,5,37,2631,106,4,1,5,6,7,10,0,44,0,142,36,2,0,0,24,1,22,20,1,1,62,1,2,0,1,4,0,0,0,0,628,69,290,1,0,3312,3,1,79,2,18,1,1,0,1,0,4,2,0,0,0,0,0,16,8,0,0,1,0,0,1,1,0,0,0,0,199,15587
17,1,25897,32,19,32,70,33,6,24,2468,109,5,8,3,9,6,7,0,44,0,164,48,7,0,0,19,0,18,15,0,2,108,1,5,0,1,0,1,2,0,0,580,56,236,7,0,2894,3,2,285,2,5,3,0,0,0,0,1,0,2,0,0,0,0,24,3,0,1,0,0,0,0,1,0,0,0,2,191,15922
17,2,24077,41,16,27,67,29,6,23,2398,94,4,8,2,5,8,6,0,47,0,160,29,2,1,1,15,0,13,18,2,0,62,1,2,1,0,0,0,1,0,0,617,61,249,5,0,3293,1,0,107,0,16,0,2,0,0,0,3,2,1,0,0,0,0,13,3,0,0,1,0,0,1,0,2,0,0,0,199,15024
18,1,26151,31,20,24,67,34,2,19,2312,114,1,5,2,6,6,5,0,45,0,159,34,5,0,1,22,0,39,13,4,1,200,1,4,0,2,2,0,2,0,0,582,65,246,4,0,3198,3,2,489,4,14,2,5,0,0,0,1,3,1,0,0,0,0,43,15,2,0,0,0,0,0,2,2,0,1,1,226,14649
18,2,24446,27,22,22,73,32,1,20,2328,111,5,5,1,12,6,6,0,52,0,155,27,0,0,1,17,1,25,23,4,3,92,0,2,2,1,1,0,1,0,0,613,40,283,11,0,3760,0,4,115,0,28,2,8,0,0,0,1,1,0,0,0,0,0,18,11,2,0,1,0,0,2,0,0,0,0,0,190,13856
19,1,25717,31,17,24,55,33,9,20,2211,99,3,8,3,10,4,11,0,37,0,174,26,1,0,2,21,3,48,25,6,1,298,0,4,0,0,3,1,0,1,0,547,50,261,10,0,3343,2,1,579,4,10,10,4,0,1,0,0,1,1,0,0,0,0,44,15,1,0,1,0,1,1,1,1,0,0,2,214,14753
19,2,24318,34,23,33,70,40,3,16,2299,83,5,3,0,11,9,3,0,40,0,163,40,2,1,1,9,0,28,17,7,0,103,1,2,1,1,5,2,0,0,1,532,58,281,1,0,4052,0,1,166,2,28,2,2,0,1,1,2,2,0,0,0,0,0,20,7,0,0,1,0,0,1,0,0,0,0,0,167,13717
20,1,25719,32,19,23,80,30,10,22,2121,106,6,4,3,5,6,9,2,53,0,188,34,3,1,3,22,0,44,27,8,0,339,1,1,0,1,6,2,0,0,0,543,64,258,15,0,3690,0,4,598,3,18,11,5,0,0,0,2,1,1,0,1,0,0,54,18,1,0,0,0,0,0,3,1,0,0,1,197,14638
20,2,24175,33,22,30,78,23,4,26,2217,87,3,5,0,10,10,3,0,61,0,172,20,3,0,2,26,0,36,25,8,2,113,0,0,1,0,4,0,0,0,0,561,79,301,2,0,4180,1,0,126,2,25,1,1,0,0,1,3,3,0,0,0,0,0,19,8,1,0,1,0,0,0,1,1,0,0,0,214,13185
21,1,25191,33,22,27,70,36,6,28,2175,81,7,5,2,4,6,8,0,45,0,220,25,2,0,0,12,2,60,26,7,3,362,0,1,0,2,4,1,0,0,0,542,48,284,8,0,3720,1,0,615,0,45,13,2,0,1,0,3,1,2,0,0,0,0,36,11,5,0,2,0,0,0,0,3,2,3,3,228,14471
21,2,24246,36,17,27,67,28,6,40,2129,96,3,3,0,6,10,6,0,54,1,187,25,0,0,1,14,1,29,22,11,1,120,0,3,0,2,3,0,0,0,0,564,77,324,4,0,4390,1,2,120,3,38,1,7,0,0,1,2,2,0,0,0,0,1,19,9,1,0,1,0,0,0,0,0,0,1,0,201,12827
22,1,25576,24,19,25,42,31,3,35,2088,96,2,2,0,6,8,6,0,46,0,223,21,2,2,5,21,0,67,26,14,2,422,0,2,0,1,3,0,0,1,0,522,57,288,9,0,3938,0,2,546,2,34,16,4,0,1,0,0,1,2,0,0,0,0,52,23,1,0,1,0,0,0,4,0,0,1,6,232,14352
22,2,24386,31,22,30,69,29,3,33,2218,82,11,3,2,6,8,4,0,51,0,237,40,5,3,1,16,1,29,24,14,3,121,1,4,0,0,2,1,0,0,0,575,60,355,7,0,4607,3,2,143,3,38,4,2,0,0,0,2,0,0,0,0,0,0,23,4,1,0,0,0,0,1,0,0,1,1,1,250,12884
23,1,25360,34,17,31,44,41,7,38,1959,100,10,5,0,6,6,6,1,61,0,205,31,2,1,3,17,0,65,34,35,0,431,1,1,0,0,4,0,0,0,0,526,68,305,4,0,3961,0,0,559,7,31,15,6,0,0,1,0,1,1,0,0,0,0,58,22,3,0,0,0,0,3,2,2,1,2,1,243,14602
23,2,24333,42,24,25,54,38,7,39,2160,91,1,5,0,4,4,8,2,63,0,246,39,2,0,1,19,0,37,19,16,3,137,0,2,0,1,4,0,1,1,0,563,74,342,10,0,4815,1,0,122,1,30,3,2,0,1,0,0,1,1,0,0,0,0,17,9,0,0,2,0,0,0,1,1,0,0,0,268,13082
24,1,25624,34,19,33,47,28,4,47,1877,73,6,4,3,8,3,10,0,57,0,276,31,1,0,5,18,2,84,35,29,6,400,2,3,0,1,2,2,0,1,0,555,62,370,7,0,4401,0,1,521,5,41,12,2,0,0,0,1,1,0,0,1,0,0,53,18,0,2,0,0,0,1,2,1,4,1,4,266,14758
24,2,24350,34,24,39,73,29,4,47,2112,63,7,6,3,7,6,7,0,56,0,305,32,0,0,0,21,0,30,25,14,5,146,1,2,0,0,3,0,1,0,0,627,73,381,9,0,4934,0,2,111,1,53,2,2,0,1,0,0,2,0,0,0,0,0,10,6,0,0,1,0,0,0,1,1,1,1,1,273,12843
25,1,26711,43,24,43,50,37,4,42,1984,98,7,2,0,2,6,8,2,68,1,320,25,2,1,3,22,2,77,29,40,0,456,1,2,1,2,7,0,1,0,0,568,71,368,7,0,4800,0,2,559,7,46,32,3,0,1,0,1,2,0,0,0,0,0,57,22,3,0,0,0,0,2,3,0,0,2,8,253,15574
25,2,25825,45,18,35,59,37,3,41,2159,81,4,2,1,1,4,6,0,42,0,350,31,3,0,3,17,0,34,37,14,5,141,1,2,0,0,5,1,0,0,1,620,71,471,8,1,5309,0,1,116,1,49,6,3,0,0,1,0,3,1,0,2,0,0,21,7,0,0,0,0,0,0,1,0,0,0,0,316,13439
26,1,29118,40,13,39,50,39,5,53,2050,68,7,12,0,4,3,8,1,43,1,311,27,2,4,0,15,0,88,40,29,2,483,4,1,1,0,9,0,1,0,0,602,74,407,8,0,5266,1,6,648,6,59,27,8,0,1,0,1,4,0,0,0,0,0,72,21,3,1,0,0,0,5,7,1,1,4,7,323,17117
26,2,28067,38,28,36,67,40,6,61,2312,88,14,7,1,8,11,8,1,69,0,320,31,5,1,3,13,2,41,32,10,1,175,3,3,0,0,5,0,3,0,0,672,65,468,6,0,5863,1,3,149,1,51,6,2,0,1,0,3,4,2,0,0,0,0,16,10,3,0,0,0,0,2,0,1,0,0,0,279,14951
27,1,33131,34,15,34,62,50,6,75,2302,92,8,2,2,4,5,7,1,56,0,359,18,2,0,3,12,1,87,45,36,6,511,1,2,0,1,4,1,0,0,0,666,77,461,15,1,5930,2,2,677,4,64,30,3,0,1,0,4,2,3,0,1,0,0,65,23,2,1,2,0,0,1,3,0,2,3,5,334,19636
27,2,31748,40,25,41,69,49,3,68,2569,134,17,1,2,2,3,12,1,78,0,304,34,1,0,0,6,0,45,37,9,3,180,1,0,0,2,4,1,0,0,0,780,101,461,6,0,6407,0,4,197,3,48,3,7,0,2,0,2,3,1,0,1,0,0,17,8,2,1,0,0,0,1,0,1,0,1,0,331,16937
28,1,34128,33,21,41,56,51,7,48,2347,89,13,5,1,5,7,8,3,68,0,340,39,3,0,4,13,3,67,48,39,4,467,2,1,0,1,3,1,0,1,0,715,91,484,12,1,6057,0,3,758,7,81,29,3,0,0,0,1,1,1,1,2,0,0,73,14,2,0,0,0,0,4,1,2,1,3,8,360,19911
28,2,32109,54,17,38,61,38,8,58,2733,103,16,2,3,4,10,15,1,73,0,308,44,2,0,3,12,2,34,43,5,1,169,3,2,0,0,2,1,1,1,2,801,114,560,4,0,6713,0,0,154,3,45,6,7,0,0,0,0,3,1,2,1,0,0,24,9,0,0,0,0,0,1,1,3,0,0,1,348,17383
29,1,35217,29,14,38,70,48,6,66,2508,100,9,6,1,7,7,7,1,73,0,353,39,2,2,6,14,0,90,61,40,4,472,4,1,0,1,4,1,0,0,0,749,80,469,21,0,6434,0,1,764,4,72,32,2,0,0,0,1,3,0,1,0,0,0,76,20,2,1,0,1,0,4,1,2,3,8,3,365,20826
29,2,32988,27,24,47,74,47,3,63,2823,116,17,9,0,8,4,10,1,68,0,327,42,7,1,1,11,1,37,48,18,4,188,4,1,0,2,7,0,1,0,0,896,91,549,6,0,6745,0,2,158,2,53,1,3,0,1,0,1,0,3,0,0,0,1,31,12,3,0,1,1,0,2,1,2,1,4,1,379,18090
30,1,36848,37,29,55,54,55,3,52,2480,117,8,3,2,4,9,10,3,83,0,356,37,1,1,6,9,1,105,45,34,5,538,5,1,0,0,5,1,0,1,0,778,94,487,10,0,6430,5,2,784,13,61,20,3,0,1,0,0,4,1,0,0,0,1,94,20,4,2,2,0,1,3,3,1,2,6,7,398,21807
30,2,34677,35,16,51,74,65,6,71,2911,143,18,7,2,4,9,9,1,82,0,315,37,4,1,3,11,2,37,36,13,2,156,9,1,1,1,7,0,0,0,0,944,117,547,14,0,7279,0,3,160,4,53,5,7,0,0,0,1,2,0,1,1,0,0,14,7,0,1,1,0,0,1,1,1,0,0,2,381,18687
31,1,35377,33,12,44,56,64,10,60,2525,105,15,2,2,1,2,5,0,73,0,362,30,2,0,6,10,3,99,57,33,5,500,5,3,0,1,2,1,1,0,0,864,106,475,14,0,6411,0,2,664,7,69,22,3,0,0,0,0,6,4,1,1,0,0,89,22,1,0,0,0,0,1,2,1,1,5,8,372,20929
31,2,33493,39,18,46,65,55,6,65,2989,129,15,1,1,8,4,13,0,88,0,362,44,5,2,3,7,3,47,42,12,8,186,11,2,1,2,7,0,1,0,1,965,104,577,10,0,7091,2,1,129,5,65,1,4,0,0,0,2,4,0,0,0,0,0,21,6,0,0,1,0,0,0,0,1,0,0,1,393,18115
32,1,35967,32,23,51,82,64,5,60,2652,130,12,5,4,1,6,6,3,83,0,367,27,2,0,3,17,3,87,63,39,6,525,9,3,0,0,3,0,1,0,0,826,92,528,15,1,6638,0,1,598,4,68,16,2,0,0,0,2,3,3,0,0,0,0,85,27,2,1,0,0,0,2,3,1,5,7,2,417,21511
32,2,34270,36,20,42,65,73,5,82,3116,136,25,6,1,4,6,17,1,92,0,379,44,6,1,5,19,3,43,54,16,4,147,12,0,0,2,7,0,1,2,0,1011,128,614,12,0,7406,0,1,130,5,48,3,6,1,1,0,4,4,1,2,0,0,0,11,4,0,0,0,0,0,0,0,1,0,1,0,394,18761
33,1,36207,32,17,51,55,74,13,73,2712,138,9,7,4,9,4,5,2,82,0,420,33,5,0,2,15,6,97,63,36,4,468,13,2,3,1,6,1,0,0,0,810,99,523,8,0,6659,0,1,555,11,72,19,4,0,0,2,2,8,1,4,0,0,0,73,24,3,0,0,1,1,1,2,4,2,7,11,400,21683
33,2,33907,38,26,52,58,64,5,81,3349,139,22,4,2,5,7,13,0,85,0,384,46,4,0,2,11,2,50,61,15,7,187,11,3,0,1,3,1,2,0,1,979,118,563,6,0,7315,0,1,113,2,35,1,4,0,0,1,2,3,1,1,0,0,0,15,7,1,1,1,0,1,2,1,0,0,0,2,389,18334
34,1,36679,31,16,54,56,58,3,75,2771,125,17,9,3,3,3,8,3,67,0,399,45,5,0,3,2,0,102,65,37,9,410,17,2,0,1,2,0,0,0,0,881,102,551,14,0,6994,0,3,456,5,53,14,2,0,0,0,1,3,1,1,0,0,0,76,21,3,0,2,1,0,1,2,2,1,5,6,432,21847
34,2,34132,46,28,53,57,76,3,87,3412,143,22,7,4,7,6,9,2,93,0,457,41,7,1,7,10,1,34,52,11,5,139,11,0,0,1,4,0,4,0,1,1066,104,588,9,0,7583,4,0,100,5,39,1,8,0,1,1,2,4,1,0,1,0,0,12,3,2,1,0,0,0,1,0,0,1,0,2,402,18426
35,1,36819,28,24,61,57,60,7,73,2930,145,22,4,3,4,4,10,0,98,1,410,36,9,1,4,8,2,99,78,30,7,427,14,1,0,5,3,0,2,2,0,927,99,551,19,0,6973,1,1,366,4,36,14,2,0,0,0,2,3,2,2,0,0,0,60,19,2,1,1,1,0,3,4,4,3,3,8,436,21905
35,2,34336,36,23,53,76,63,3,92,3549,164,22,2,6,7,8,11,3,88,1,430,44,2,0,5,14,2,36,64,12,6,134,17,6,0,5,3,0,3,2,0,1074,137,616,10,0,7802,1,3,84,1,26,0,1,0,2,1,0,4,2,1,1,0,0,10,3,0,0,0,0,0,1,1,1,2,1,0,413,18691
36,1,36935,39,18,43,60,73,4,77,3099,122,20,1,4,12,11,15,5,80,0,451,39,4,1,4,5,0,94,63,33,6,392,15,1,2,0,3,0,2,0,0,1006,107,539,9,0,7018,0,3,335,9,37,12,4,0,0,1,1,2,0,0,3,0,0,66,29,0,0,0,0,0,4,3,6,2,5,4,444,22313
36,2,34327,28,22,46,73,81,1,91,3732,177,24,3,5,8,7,10,0,87,0,477,38,5,1,3,8,1,41,58,8,6,120,13,1,1,2,7,1,3,0,0,1144,160,663,11,0,7810,4,0,82,4,29,1,3,1,1,0,3,4,1,1,0,0,0,11,4,0,0,0,0,0,0,1,1,1,0,1,442,18579
37,1,37345,30,22,48,62,73,11,99,3212,136,12,4,6,7,6,11,0,79,0,484,41,5,0,7,9,2,102,68,19,9,352,15,0,0,2,3,2,1,1,0,999,129,589,12,0,7042,0,1,333,8,44,14,6,0,1,0,1,9,0,0,0,0,0,39,29,3,1,1,1,2,4,3,0,1,7,6,462,22332
37,2,34285,43,22,46,72,78,3,95,3816,162,16,7,2,11,4,15,0,95,1,508,46,3,0,7,10,1,35,59,7,4,117,13,1,0,3,6,1,2,0,0,1236,154,680,7,0,8173,1,1,58,3,34,1,2,0,1,0,3,3,0,1,1,0,0,8,3,2,0,0,0,0,0,2,0,0,1,1,441,18933
38,1,37282,36,29,45,57,66,8,81,3277,135,17,6,1,4,5,9,1,80,1,456,36,8,0,6,6,3,86,72,20,11,316,15,1,1,2,5,1,3,1,0,1079,148,583,12,0,7262,1,3,262,5,33,3,3,0,2,0,1,3,1,0,0,0,0,53,28,1,1,1,0,1,1,0,3,0,6,4,435,22484
38,2,34642,32,32,48,85,92,3,106,4146,165,20,5,6,9,7,14,1,92,1,463,45,6,0,5,16,0,39,53,7,5,132,17,1,1,7,3,4,4,0,0,1345,186,690,4,0,8013,3,3,60,4,26,1,3,0,1,0,0,3,0,2,1,0,0,9,3,1,1,2,0,0,1,1,2,0,0,1,426,19097
39,1,38184,31,17,47,67,73,5,84,3412,165,15,6,8,9,8,13,2,81,0,445,43,6,2,5,9,2,80,61,31,9,307,21,1,1,0,1,0,3,2,1,1089,117,536,10,1,7311,3,1,246,7,30,8,5,0,1,0,2,3,1,2,1,0,0,59,26,1,0,0,0,0,0,2,4,1,2,7,429,22931
39,2,34854,24,15,35,114,92,1,95,4271,188,31,10,6,6,4,7,1,105,0,432,38,5,0,6,6,2,39,49,5,4,99,13,1,1,4,6,0,3,1,1,1368,120,617,15,0,8165,2,2,59,3,21,0,3,0,0,0,5,13,1,0,1,0,0,9,6,0,0,1,0,0,0,1,1,0,3,0,453,19702
40,1,39686,31,24,50,66,79,7,109,3572,155,14,8,2,7,8,11,2,67,0,480,38,8,1,2,12,2,84,70,20,10,269,22,2,2,2,4,2,1,1,1,1231,158,551,16,0,7306,2,4,227,13,27,6,3,1,1,0,1,6,1,1,0,0,0,55,8,2,0,1,0,0,0,2,3,5,3,5,465,23625
40,2,35754,29,26,54,86,82,3,114,4423,182,18,8,4,4,13,14,1,94,0,477,44,3,0,3,14,0,26,59,9,5,116,21,3,1,7,2,1,1,1,0,1412,162,587,9,0,8346,2,5,57,4,13,3,4,0,1,1,4,4,2,0,1,0,0,6,3,1,1,0,0,0,1,0,0,0,1,0,436,19994
41,1,44344,38,21,78,75,92,8,91,4089,187,17,18,4,13,8,13,0,93,1,448,53,11,0,3,11,5,78,85,19,9,282,18,1,2,3,4,0,4,0,0,1317,153,544,19,0,8212,2,2,274,7,39,5,2,0,1,1,1,5,1,1,1,0,1,60,25,1,1,1,0,0,2,1,5,0,7,4,483,26255
41,2,40717,39,30,46,84,100,7,99,4815,224,19,8,5,4,9,8,2,103,0,479,62,7,1,5,24,0,31,65,4,7,105,12,2,1,6,5,0,3,2,0,1581,193,599,19,0,9086,3,5,75,2,21,1,6,0,2,2,1,8,0,1,0,0,0,6,8,1,0,0,0,0,0,0,0,1,1,2,480,22408
42,1,46052,47,36,61,78,127,16,101,4408,192,14,8,2,12,8,9,2,73,0,486,55,6,1,4,21,2,72,70,18,12,279,25,0,2,2,2,0,1,1,0,1416,180,575,17,0,8512,0,1,253,11,25,4,2,0,1,0,0,9,2,1,1,0,0,52,17,2,1,0,0,0,2,1,3,1,6,4,501,26966
42,2,42246,49,38,55,113,112,3,113,5094,230,13,8,7,13,14,13,3,113,0,521,62,12,1,5,28,5,28,79,10,0,88,13,6,1,3,4,4,4,7,0,1588,181,597,12,0,9340,1,7,57,3,23,0,7,0,4,0,2,17,0,1,0,0,0,6,3,0,1,4,0,0,1,0,0,0,0,0,462,23593
43,1,46942,35,32,80,79,113,3,97,4372,203,10,6,3,9,13,24,3,109,3,463,59,6,0,10,17,5,79,90,6,8,305,13,0,2,4,4,3,2,3,1,1398,170,561,23,1,8616,2,2,192,3,27,3,3,0,0,1,2,9,1,6,1,0,1,49,19,1,1,1,0,0,0,2,1,2,5,5,495,27629
43,2,43075,53,26,60,102,105,6,99,5224,230,14,4,6,18,14,15,0,118,0,482,70,12,0,10,35,2,27,65,4,8,122,8,3,5,3,5,0,2,2,0,1698,207,613,12,0,9419,4,2,59,3,27,0,7,0,0,0,3,18,1,0,0,0,1,4,1,1,1,3,0,0,0,1,0,0,2,0,485,24028
44,1,47474,37,22,64,108,123,6,93,4551,200,16,10,5,15,12,10,1,104,0,521,45,7,1,4,18,1,48,83,24,10,256,22,5,3,2,2,2,3,3,1,1551,163,613,20,0,8609,1,4,175,9,32,0,5,0,0,2,3,14,0,1,1,0,0,33,26,1,0,4,0,0,0,1,2,5,6,2,480,27973
44,2,44106,72,40,82,135,119,7,87,5123,277,22,5,4,17,7,13,2,123,1,511,56,6,0,6,26,0,25,66,4,4,120,8,3,2,13,4,0,1,2,1,1746,194,596,13,0,9666,3,5,51,3,16,0,9,0,1,2,1,11,2,1,0,0,2,4,5,0,0,1,0,0,0,1,1,0,2,1,493,24625
45,1,48802,46,31,60,100,132,5,91,4744,233,16,7,9,11,12,14,1,113,0,491,53,10,0,7,29,3,65,77,6,8,247,17,0,0,5,7,1,4,0,1,1580,173,551,23,0,8980,4,5,143,9,29,3,6,0,2,0,0,12,2,4,0,0,0,47,22,1,0,3,1,1,1,2,2,1,2,5,514,29053
45,2,45255,70,33,67,133,149,6,105,5386,253,13,13,8,24,11,15,3,123,0,422,49,9,0,9,33,2,29,71,5,6,114,10,2,0,9,6,0,4,2,1,1788,197,589,12,0,10236,2,2,50,2,20,0,7,0,2,0,3,12,1,0,1,0,0,4,3,0,0,0,0,0,0,2,0,0,0,0,535,26010
46,1,48826,59,35,70,131,139,11,105,4766,215,15,13,8,17,17,10,1,114,0,486,39,6,0,12,29,1,50,82,9,9,246,14,2,4,5,0,2,5,3,0,1588,189,558,16,0,9103,5,3,169,7,14,2,7,0,2,1,1,17,1,3,2,0,0,36,12,0,0,5,0,1,1,1,2,0,3,2,530,29249
46,2,45565,77,43,80,114,116,9,85,5472,228,11,15,2,13,16,10,2,142,0,490,47,5,0,4,43,3,24,73,4,2,97,9,6,4,6,4,0,5,5,0,1745,207,558,15,0,10123,9,6,50,5,14,1,7,0,1,0,2,13,0,1,0,0,0,9,1,1,0,4,0,0,0,0,0,0,1,0,489,25732
47,1,47387,54,28,61,104,145,8,75,4832,225,9,13,5,19,22,14,1,111,0,457,49,12,1,11,33,5,56,76,17,5,229,23,5,2,5,3,1,2,5,1,1598,182,540,14,0,8982,1,4,146,12,30,4,7,0,2,1,1,14,1,1,0,0,0,36,18,0,0,3,0,0,0,0,3,1,3,4,564,28494
47,2,43581,71,45,79,121,126,5,98,5217,244,18,18,6,16,11,17,3,142,2,434,48,6,1,6,35,1,19,64,4,5,107,2,5,1,7,9,1,8,2,0,1802,205,611,14,0,9896,7,7,50,3,22,1,9,0,3,0,3,17,1,0,0,0,0,8,0,0,0,3,0,0,0,0,0,0,0,0,516,25184
48,1,41886,54,34,48,96,138,9,96,4458,167,12,11,10,10,9,6,1,97,0,444,43,3,1,6,32,1,49,60,5,6,198,10,2,1,7,6,3,3,2,1,1508,175,571,26,0,8028,2,10,118,10,20,3,6,0,1,1,0,18,0,0,0,0,0,27,22,0,2,1,0,0,0,1,2,0,3,1,480,25777
48,2,39082,55,38,63,99,127,6,76,4884,211,12,5,6,14,3,21,0,163,0,447,43,6,0,5,32,5,24,60,6,0,97,3,1,1,3,5,2,4,0,0,1687,172,580,9,0,9029,3,4,51,2,11,0,12,0,0,0,2,12,0,1,1,0,0,5,5,0,0,3,0,0,1,0,0,0,1,2,468,22739
49,1,38089,56,19,52,81,129,5,75,4216,188,8,7,3,16,9,11,2,102,2,399,41,10,1,2,25,4,54,49,8,4,157,6,3,1,5,3,2,1,3,0,1424,200,506,15,0,7494,2,4,101,8,20,2,5,0,1,0,2,10,2,1,0,0,0,19,16,2,1,2,0,0,1,1,2,2,4,2,400,23266
49,2,35512,65,31,64,97,121,9,58,4628,180,11,8,1,12,15,14,1,132,2,384,52,3,0,3,28,2,14,55,3,5,82,3,8,0,5,3,2,5,0,1,1585,168,537,9,0,8402,2,12,37,1,7,0,3,0,0,0,3,16,2,0,0,0,1,2,3,1,0,3,0,0,0,1,0,0,1,1,429,20959
50,1,36898,38,27,59,84,104,10,82,4180,186,13,12,5,11,8,12,5,114,1,406,33,7,0,7,19,3,57,74,7,6,166,6,3,0,5,5,1,2,2,0,1484,167,445,18,0,7236,2,5,93,10,18,1,5,0,0,0,3,11,0,0,0,0,0,22,15,0,0,2,0,0,1,3,0,0,6,1,428,22966
50,2,34530,38,21,67,74,113,8,80,4468,185,11,7,1,11,9,10,2,149,0,393,42,3,0,5,31,1,9,68,6,4,89,2,6,0,7,1,0,1,2,1,1622,191,479,1,0,8225,2,6,38,4,9,0,8,0,0,0,2,8,2,1,2,0,0,3,2,1,0,2,0,1,0,0,0,0,0,0,404,20322
51,1,34466,44,25,44,60,101,5,69,4038,157,9,8,5,14,11,9,3,107,0,365,36,4,0,5,17,5,49,52,4,4,142,4,4,1,3,2,4,4,4,0,1335,153,470,16,0,6644,2,4,60,3,12,3,4,0,1,2,3,5,2,0,0,0,0,9,9,1,0,2,0,2,3,0,1,1,1,2,427,22010
51,2,32875,38,22,49,77,113,2,57,4219,169,4,8,2,9,13,16,0,146,0,376,39,4,1,2,27,1,11,55,4,1,60,2,5,0,4,5,0,4,2,0,1442,160,460,10,0,7537,1,3,31,2,9,1,4,0,2,2,5,10,0,0,1,0,0,2,1,1,0,0,0,0,1,0,0,0,0,0,463,19595
52,1,32778,36,16,56,77,100,10,70,3893,173,5,4,5,8,13,13,1,95,0,367,29,7,0,7,18,5,50,58,3,1,144,6,2,0,7,0,2,2,1,0,1408,157,463,13,0,6597,3,6,84,5,12,1,4,0,1,1,0,9,1,1,0,0,0,17,9,1,1,2,0,0,0,0,2,0,4,1,423,21209
52,2,31868,42,19,59,65,96,7,57,4167,174,4,9,2,6,7,15,2,146,0,328,41,3,0,1,29,1,13,57,2,7,64,4,3,1,6,4,0,5,3,0,1458,176,497,6,0,7504,3,8,32,2,5,1,5,0,0,0,1,11,1,0,0,0,0,2,1,0,0,3,0,0,0,0,0,0,0,0,407,18998
53,1,32643,37,18,63,52,93,6,69,3928,155,8,8,1,6,9,13,1,120,0,330,45,2,0,1,33,8,49,37,10,1,114,3,5,0,2,4,0,1,2,0,1341,146,433,11,0,6429,2,4,64,11,5,1,5,0,2,0,0,8,2,0,0,0,0,14,6,1,1,0,0,0,1,1,2,1,3,1,392,20711
53,2,31353,41,19,57,65,97,3,61,4153,171,11,4,2,3,3,11,1,143,0,279,47,1,0,3,18,1,12,37,4,0,67,3,2,1,4,5,0,4,1,0,1422,146,457,8,1,7261,3,1,37,0,10,0,6,0,2,1,2,15,1,0,1,0,0,3,3,0,0,1,0,0,0,0,0,0,0,0,414,18553
54,1,33348,33,14,38,79,97,9,60,4043,177,7,9,5,2,11,12,2,108,0,314,30,3,0,3,27,3,33,45,2,1,130,3,4,0,2,8,0,1,1,0,1451,166,467,14,0,6169,1,0,68,1,6,0,7,0,2,0,2,12,0,1,0,0,0,13,8,0,0,2,0,1,0,0,1,1,0,0,438,20785
54,2,31965,55,13,53,59,92,3,61,4243,178,9,10,5,14,12,11,2,137,2,306,43,1,0,2,16,1,11,34,3,2,54,3,1,1,6,6,0,3,2,0,1472,175,456,7,0,7176,3,5,24,5,3,1,4,0,2,0,1,11,0,0,0,0,0,3,1,1,0,0,0,0,0,0,2,0,0,0,444,18544
55,1,33369,36,26,41,58,96,6,52,4180,190,7,12,5,6,12,17,4,116,0,276,37,5,0,3,33,5,40,43,5,8,116,0,2,1,1,2,2,2,2,0,1405,201,418,13,0,6395,0,1,50,8,6,0,3,0,0,0,2,9,0,0,0,1,0,14,10,1,0,1,0,0,0,2,3,0,2,0,454,20757
55,2,32470,30,14,57,73,92,1,38,4596,213,11,3,0,6,4,12,1,133,0,271,43,3,0,0,15,0,9,36,0,0,65,3,5,0,7,7,0,2,4,0,1692,178,505,6,0,7332,2,4,27,0,6,0,5,0,2,2,3,18,3,0,0,0,0,3,1,0,1,1,0,0,0,0,1,2,1,1,474,18764
56,1,35279,43,16,45,66,91,4,60,4503,196,8,6,1,5,7,12,2,125,0,296,44,6,0,3,18,3,35,42,5,4,91,1,2,1,1,3,1,2,1,0,1537,179,486,13,0,6745,1,3,53,10,6,0,4,0,1,0,1,18,0,0,1,0,0,11,5,0,1,0,0,0,0,2,0,1,1,0,427,21509
56,2,33645,35,20,79,73,131,5,62,5090,198,12,8,3,15,4,14,1,175,0,250,57,3,0,0,27,0,5,30,4,1,52,4,5,2,7,9,0,0,7,1,1722,171,490,6,0,7721,5,2,20,3,3,1,3,0,1,0,0,26,0,0,0,0,0,1,0,0,0,0,0,0,0,0,0,0,0,0,465,19621
57,1,35196,29,27,63,67,105,2,46,4410,191,9,6,4,4,7,9,3,123,1,243,52,2,0,3,14,2,38,48,4,5,99,2,1,0,2,0,2,1,5,0,1601,166,417,13,0,6607,0,3,44,4,8,1,5,0,0,0,1,14,3,0,1,0,0,5,2,0,1,2,1,0,0,1,0,1,1,1,450,21267
57,2,33554,37,10,52,66,107,0,55,5282,200,14,5,0,5,7,14,1,183,0,238,55,6,0,2,15,2,6,35,3,1,61,2,1,0,3,7,0,0,3,0,1873,189,514,2,0,7737,2,8,16,1,6,0,7,0,1,1,0,12,1,1,0,0,0,2,2,0,0,0,0,0,0,0,0,0,1,0,527,19806
58,1,30525,20,12,40,57,96,2,55,4226,165,7,9,4,9,1,16,0,110,1,246,38,3,0,1,15,1,26,36,7,5,83,3,3,2,5,7,1,0,2,0,1417,184,408,9,0,5644,3,4,40,9,7,0,3,0,1,0,2,12,1,0,0,0,0,3,5,1,2,1,0,0,1,0,1,0,1,0,389,18374
58,2,29164,35,25,39,63,100,4,31,4919,188,6,6,0,6,11,13,0,133,0,229,45,4,0,1,9,1,5,37,3,2,46,0,3,0,5,5,0,1,1,0,1746,195,465,7,0,7049,1,1,16,1,6,0,3,0,0,0,3,13,1,0,3,0,0,2,0,0,0,0,0,0,0,0,0,0,1,0,499,17472
59,1,29131,27,18,41,37,94,4,41,4267,180,7,3,3,9,6,19,2,90,0,235,44,4,1,2,11,2,20,39,3,4,82,3,1,0,4,6,0,0,3,0,1474,148,383,9,0,5563,0,4,31,9,9,0,4,0,0,0,0,8,2,0,0,0,0,6,1,1,0,1,0,0,0,0,0,0,0,0,431,17788
59,2,27682,34,14,45,61,119,2,43,5178,202,10,7,3,4,5,20,1,101,0,248,47,5,0,1,26,0,3,31,0,0,44,1,1,1,5,3,0,3,2,0,1832,202,493,6,0,6911,3,1,20,4,4,0,7,0,0,0,1,10,2,0,0,0,0,0,0,0,0,2,0,0,0,0,0,0,0,0,522,16765
60,1,27737,34,13,46,47,99,2,43,4363,174,7,4,1,10,7,8,2,92,0,222,30,2,0,1,7,3,13,39,3,2,64,1,1,0,2,5,1,0,4,0,1473,157,390,5,0,5412,1,1,30,4,4,0,4,0,1,0,1,11,0,0,1,0,0,10,3,1,0,0,0,0,0,0,2,1,1,1,375,17153
60,2,26710,29,15,60,47,111,2,45,5140,240,16,1,0,7,8,11,1,122,0,197,52,2,0,1,11,1,9,20,0,2,41,0,2,0,3,5,0,0,0,0,1913,210,463,6,0,6572,1,2,13,3,2,0,7,0,1,0,2,6,0,0,0,0,0,4,0,0,0,0,0,0,0,0,0,0,0,0,477,16249
61,1,27602,22,14,39,36,120,6,28,4271,170,10,5,3,5,9,8,0,80,0,204,32,4,0,1,12,1,18,26,1,5,83,3,0,0,2,4,1,0,1,0,1463,169,362,10,0,5206,1,0,29,9,2,1,9,0,0,0,0,9,1,0,0,0,0,2,2,0,0,0,0,0,0,1,0,0,1,0,386,16645
61,2,26324,31,11,44,59,115,4,38,5267,213,14,2,5,7,9,9,0,136,1,212,39,1,0,2,9,1,7,26,1,2,36,0,2,0,2,6,0,2,4,0,1876,210,448,7,0,6608,5,0,13,4,4,0,2,0,1,0,2,11,0,0,0,0,0,0,0,0,0,0,0,0,0,0,0,0,0,0,491,16200
62,1,28322,20,12,39,46,125,4,43,4432,171,5,2,2,9,6,10,2,92,0,143,36,2,1,1,5,4,13,29,3,3,78,4,1,0,2,1,0,1,0,0,1505,176,345,13,0,5066,0,2,21,4,6,0,1,0,0,1,1,7,1,0,1,0,0,7,2,0,0,0,0,0,0,0,1,0,1,2,389,16569
62,2,27178,19,8,41,53,133,3,50,5675,215,15,7,1,7,10,13,0,123,0,173,51,4,0,1,9,2,3,15,2,0,38,2,2,1,4,1,0,2,2,0,2103,226,406,9,0,6649,0,1,7,0,1,0,3,0,0,0,0,13,0,0,0,0,0,0,2,0,0,0,0,0,0,0,0,0,0,0,514,16690
63,1,31569,19,16,36,29,132,2,27,4631,217,11,2,2,12,9,10,0,74,0,135,50,3,0,2,6,2,7,18,3,2,62,1,1,1,2,3,1,2,0,0,1656,200,402,7,0,5732,0,0,18,4,4,0,2,0,1,0,0,5,0,0,0,0,1,4,1,0,2,0,0,0,1,1,0,1,1,0,434,18533
63,2,30983,23,15,56,52,183,3,40,6270,275,12,5,1,5,5,13,2,125,1,150,43,2,1,3,13,0,2,13,1,1,33,0,2,2,8,5,0,2,5,0,2345,262,490,4,0,7378,2,1,10,2,0,0,5,0,2,0,1,18,0,0,0,0,0,0,1,0,0,0,0,0,0,0,0,0,0,0,542,19015
64,1,32021,15,11,44,40,124,6,36,4804,227,14,3,1,3,7,12,1,75,1,99,52,7,0,0,12,1,14,18,2,2,44,2,0,0,2,2,0,2,2,0,1646,198,356,8,0,5523,3,1,16,9,2,0,3,0,0,0,0,3,0,0,0,0,0,5,0,0,1,0,0,0,0,1,1,1,1,0,398,17920
64,2,31708,21,15,53,54,180,1,29,6296,275,16,3,2,12,7,22,2,135,0,149,66,4,1,2,14,1,4,12,0,3,34,2,1,0,8,2,0,4,3,0,2429,288,491,5,0,7488,0,2,9,3,2,0,3,0,1,0,2,14,0,0,0,0,0,0,0,0,0,0,0,0,0,0,0,0,0,0,535,18944
65,1,32224,9,16,41,56,134,7,22,4901,220,14,0,1,5,8,11,0,86,0,116,46,1,0,1,12,2,10,12,2,3,53,1,0,0,1,2,0,0,0,0,1713,211,338,7,0,5407,1,1,14,7,3,0,1,0,0,0,0,8,0,0,0,0,0,1,2,0,0,0,0,0,0,0,0,0,0,0,426,17910
65,2,32234,25,22,69,59,168,2,30,6559,256,15,5,1,2,9,14,1,116,1,147,72,7,0,0,12,2,8,10,1,1,31,0,3,0,2,3,0,4,2,0,2469,252,520,3,0,7506,3,3,10,4,1,0,7,0,0,0,1,11,0,0,0,0,0,1,2,0,0,1,0,0,0,0,0,0,1,0,528,19248
66,1,32620,14,21,40,42,126,0,17,4679,214,6,3,4,3,6,12,1,83,2,95,40,6,0,1,3,2,9,3,2,2,37,1,1,0,2,2,0,2,1,0,1641,233,332,6,1,5281,1,1,14,7,3,0,1,0,2,0,0,0,0,0,0,0,0,3,1,1,0,0,0,0,0,2,0,0,1,0,390,17467
66,2,32835,17,20,58,45,212,6,22,6591,285,15,6,2,8,15,17,0,120,1,144,58,1,0,0,5,0,5,13,0,0,26,1,1,0,5,3,0,4,0,0,2485,306,496,6,0,7347,0,5,9,0,2,0,4,0,1,0,2,13,0,1,0,0,0,2,0,0,0,0,0,0,0,0,0,0,1,1,561,19653
67,1,31739,16,7,37,40,179,0,15,4585,208,10,4,5,4,8,10,2,57,0,93,47,1,0,1,8,2,6,12,0,1,39,0,1,1,1,3,0,0,1,0,1600,198,330,15,0,4995,2,0,15,3,2,0,1,0,0,0,0,11,1,0,0,0,0,2,2,0,1,1,0,0,0,0,0,0,2,0,358,17140
67,2,32344,23,24,53,43,202,4,30,6520,263,22,6,2,10,12,21,0,142,1,121,77,4,0,0,12,0,2,9,2,0,38,0,1,0,0,2,0,3,2,0,2489,265,445,11,0,7381,1,2,6,2,0,0,0,0,0,1,1,10,0,0,0,0,0,1,0,1,0,0,0,0,1,0,0,0,0,0,567,19414
68,1,31230,9,14,42,40,165,2,15,4799,217,11,3,4,3,5,13,0,64,1,73,39,6,0,4,8,4,6,14,0,0,39,1,0,0,2,1,0,1,2,0,1686,209,293,9,0,5025,0,0,6,4,0,0,3,0,1,0,1,10,1,0,0,0,0,3,1,0,0,0,0,0,0,0,2,0,0,0,357,16980
68,2,32323,26,22,57,49,229,4,18,6836,287,16,8,5,8,6,18,3,151,1,112,66,2,0,3,11,0,4,7,0,0,28,0,0,2,1,0,0,4,1,0,2607,299,486,12,0,7376,0,1,5,2,1,1,5,0,0,0,2,16,0,0,1,0,0,1,0,0,0,1,0,0,0,0,0,0,0,0,581,19755
69,1,30291,13,9,27,41,166,2,16,4954,220,10,3,2,4,8,19,2,74,0,90,49,6,0,1,7,1,12,7,0,1,30,0,1,0,0,1,0,0,2,0,1757,247,310,13,0,5111,0,2,8,6,4,0,0,0,0,0,0,6,0,0,0,0,0,2,0,0,0,0,0,0,0,0,1,3,1,0,393,16807
69,2,31595,20,22,63,62,275,5,19,7434,297,19,6,2,7,10,21,1,137,0,120,68,2,0,0,13,0,4,5,0,0,24,0,1,1,4,2,0,3,2,0,2884,339,490,9,0,7848,2,1,8,2,3,0,2,0,0,0,3,13,0,0,1,0,0,2,0,0,0,1,0,0,0,0,0,0,1,0,585,20143
70,1,28435,8,14,41,40,192,0,19,5093,245,12,2,5,7,5,15,0,67,1,66,38,4,0,2,3,2,8,9,2,1,39,0,1,0,0,2,0,0,2,0,1738,186,307,11,0,4795,0,0,9,4,0,0,3,0,0,2,0,9,0,0,0,0,0,2,0,1,0,1,0,0,1,0,0,0,0,0,403,16043
70,2,30406,17,16,55,53,264,1,25,7731,310,22,8,4,7,11,21,0,125,1,99,57,4,0,2,15,0,0,10,2,1,23,0,4,1,4,1,0,3,1,0,3038,337,499,5,0,7563,2,4,6,1,1,0,5,0,2,0,1,12,0,0,0,0,0,0,0,0,0,0,0,0,0,0,1,0,0,0,598,19439
71,1,26124,11,11,41,29,229,2,21,5393,239,6,3,4,3,4,18,0,75,0,59,34,4,0,0,6,1,6,6,1,1,23,0,0,0,2,0,0,2,1,0,1685,202,280,15,0,4902,0,0,9,5,3,0,0,0,1,0,0,5,0,0,1,0,0,1,0,0,1,0,0,0,0,0,1,0,0,0,370,15242
71,2,27737,17,15,53,44,323,5,28,8240,330,26,3,3,11,10,22,1,125,1,115,56,2,0,0,14,1,3,8,3,0,32,0,2,0,2,1,0,0,1,0,2803,355,518,5,0,7536,1,3,9,1,0,0,5,0,1,0,0,8,0,0,0,0,0,0,1,0,0,0,0,0,0,0,0,0,0,0,611,19086
72,1,24093,7,13,41,32,260,3,17,5531,254,11,2,7,7,4,14,3,65,0,70,33,4,0,1,6,2,7,5,0,0,28,0,2,0,1,0,0,0,1,0,1793,229,324,14,0,4851,1,0,7,6,2,0,0,0,0,0,0,3,1,0,0,0,0,3,0,0,0,0,0,0,0,0,0,0,0,0,425,15195
72,2,25971,20,19,72,53,392,3,31,8653,318,20,5,2,5,9,17,0,114,1,101,68,6,0,1,6,0,1,5,1,1,25,0,0,1,1,2,0,1,2,0,2981,352,495,6,0,7747,2,4,7,1,0,0,2,0,0,0,0,16,1,0,0,0,0,0,0,0,0,0,0,0,0,0,1,0,0,0,651,18933
73,1,24256,8,13,33,33,259,5,27,6176,285,5,0,4,3,11,4,3,69,1,66,37,4,0,0,7,0,11,8,1,0,23,0,0,0,0,0,0,0,0,0,1873,205,322,8,1,5102,0,2,8,1,0,0,1,0,2,0,0,3,0,0,1,0,0,1,0,0,0,0,0,0,0,0,0,1,1,1,392,15443
73,2,26798,15,16,55,40,435,4,38,9545,433,32,7,6,10,8,24,1,132,1,107,47,3,1,1,13,0,5,4,0,1,24,0,2,2,2,1,0,3,3,0,3399,393,521,7,1,8293,2,3,11,1,1,0,1,0,0,0,2,16,0,0,0,0,0,0,0,0,0,0,0,0,0,0,0,0,0,1,717,19784
74,1,22164,6,14,36,37,287,0,22,6112,292,9,3,6,4,5,7,2,65,1,53,25,6,1,1,4,3,5,5,1,0,21,0,3,0,2,1,0,0,2,0,1888,231,293,12,0,5033,2,2,5,2,0,0,1,0,0,0,0,6,0,0,0,0,0,3,1,0,0,0,0,0,0,0,0,0,0,0,430,14540
74,2,25367,17,17,57,50,509,2,35,9703,456,18,11,8,9,9,16,3,138,1,92,51,3,0,0,11,0,1,3,1,0,18,0,3,0,2,3,0,1,2,0,3316,354,532,7,0,8097,0,2,6,3,0,0,0,0,1,0,0,15,0,0,1,0,0,1,1,0,0,0,0,0,0,0,0,0,0,0,685,19169
75,1,16528,14,6,25,29,251,1,14,4978,239,7,1,2,7,5,8,1,54,0,33,16,2,0,0,4,3,4,5,0,0,15,0,1,1,1,1,0,0,1,0,1593,184,244,5,0,3885,0,0,5,4,0,0,2,0,0,0,0,3,0,0,0,0,0,1,0,0,0,0,0,0,0,0,0,0,0,0,343,10917
75,2,19509,13,11,44,53,457,0,23,8457,401,13,4,1,6,10,11,1,92,0,56,37,2,0,0,7,0,1,4,0,0,20,0,1,0,3,1,0,2,1,0,2975,299,476,3,0,6686,0,0,6,1,2,0,1,0,0,1,0,9,0,0,0,0,0,1,0,0,0,1,0,0,0,0,0,0,0,0,571,15114
76,1,15016,5,17,22,30,258,2,17,5074,252,12,1,1,2,8,6,0,39,2,31,22,3,0,0,1,1,2,7,0,0,14,0,0,0,1,1,0,0,1,0,1579,200,232,4,0,3756,0,2,5,1,1,0,0,0,0,0,0,5,0,0,1,0,0,0,0,0,0,0,0,0,0,0,1,0,0,0,314,10451
76,2,18076,7,12,48,44,466,1,26,8671,410,16,5,0,11,9,12,3,99,0,76,42,3,0,0,8,2,3,6,2,0,21,0,0,1,4,1,0,3,3,0,3042,352,440,4,0,6646,0,2,6,3,0,0,1,0,0,0,0,7,0,0,1,0,0,2,1,0,0,0,0,0,0,0,0,0,0,0,641,14613
77,1,14070,9,5,17,33,264,2,17,5099,289,7,4,1,4,7,9,1,41,1,28,26,2,0,0,1,2,6,5,0,0,23,0,0,0,0,0,0,0,2,0,1672,210,201,8,0,3741,0,0,7,2,0,0,1,0,0,0,0,3,0,0,0,0,0,0,0,1,0,0,0,0,0,0,0,0,0,0,323,10063
77,2,17113,14,14,53,48,489,3,23,9037,423,16,0,2,7,6,12,3,100,0,72,45,3,0,0,5,0,1,3,0,0,23,0,0,1,2,0,0,2,1,0,3129,379,451,1,0,6543,1,2,8,2,1,0,1,0,0,0,0,7,0,0,0,0,0,0,0,0,0,0,0,0,0,0,0,0,0,0,620,14297
78,1,11476,4,11,28,28,241,0,8,4717,224,13,0,2,1,8,5,0,42,1,24,26,0,1,0,4,0,5,3,0,0,3,0,1,0,0,0,0,0,3,0,1389,166,167,1,0,3301,2,0,2,0,1,0,0,0,1,0,0,2,0,0,0,0,0,1,0,0,0,0,0,0,0,0,0,0,0,0,293,8206
78,2,14131,16,16,38,38,418,3,24,8136,414,25,1,1,7,4,14,3,79,0,63,59,3,0,0,9,0,0,0,2,0,15,0,1,0,0,0,0,0,4,0,2830,351,419,1,1,5574,0,2,7,0,0,0,1,0,0,0,0,4,0,0,0,0,0,0,1,0,0,0,0,0,0,0,1,0,0,0,538,12056
79,1,9804,7,3,29,18,184,1,15,4354,221,12,1,2,4,5,7,1,37,0,38,20,1,0,0,2,1,0,1,1,0,14,0,0,0,0,1,0,0,1,0,1302,173,182,1,0,2753,0,0,3,1,0,0,0,0,0,1,0,3,0,0,0,0,0,1,1,0,0,0,0,0,0,0,0,0,0,0,265,7302
79,2,12317,11,19,44,44,413,2,27,7991,385,16,3,1,12,11,16,0,82,0,65,50,1,0,0,3,1,0,2,0,0,13,0,0,0,1,1,0,0,0,0,2603,343,457,3,0,5109,2,2,0,1,0,0,0,0,0,0,0,8,1,0,0,0,0,1,0,0,0,0,0,0,0,0,0,0,0,0,499,11062
80,1,8534,1,5,27,20,204,0,13,4302,208,13,1,1,2,5,11,0,32,0,32,25,2,0,0,1,1,2,0,0,0,8,0,0,0,1,0,0,0,1,0,1145,142,144,2,0,2676,0,0,4,0,0,0,0,0,0,0,0,0,0,0,1,0,0,0,0,1,0,0,0,0,0,0,0,0,0,0,237,6399
80,2,10988,8,10,35,43,450,2,15,7700,310,23,3,0,11,2,14,1,68,1,85,50,2,0,0,7,0,1,2,0,0,21,0,1,0,2,2,0,0,1,0,2470,364,399,4,0,4609,2,1,8,1,0,0,0,0,0,1,1,5,0,0,1,0,0,0,0,0,0,0,0,0,0,0,0,0,0,0,494,10115
81,1,7159,3,9,15,16,172,1,14,3956,165,10,1,1,4,2,6,0,21,1,31,19,2,0,0,3,1,3,1,1,1,8,0,0,0,0,0,0,0,0,0,996,119,115,1,0,2119,0,0,4,5,0,0,0,0,0,0,0,2,0,0,0,0,0,0,0,0,0,0,0,0,0,0,0,0,0,0,232,5428
81,2,9457,8,10,33,31,392,2,24,7452,315,14,5,0,8,3,14,1,60,0,71,37,7,0,1,5,0,3,4,1,0,13,0,0,0,0,1,0,0,0,0,2330,319,381,1,0,3959,1,2,8,0,0,0,0,0,0,0,0,4,1,0,0,0,0,0,0,0,0,0,0,0,0,0,0,0,0,0,425,8986
82,1,5635,1,6,25,15,156,1,12,3362,162,6,1,1,1,1,8,0,22,0,28,17,0,0,0,4,1,1,0,1,0,5,0,0,0,1,1,0,0,0,0,881,116,131,0,0,1799,0,0,4,1,0,0,1,0,0,0,0,3,1,0,0,0,0,0,0,0,0,0,0,0,0,0,0,0,0,0,189,4570
82,2,7961,9,15,24,37,345,1,21,6582,312,14,3,1,7,5,8,2,45,0,65,40,1,0,0,2,0,2,1,0,0,16,0,0,0,0,1,0,0,1,0,1995,258,340,0,0,3496,1,3,5,0,0,0,0,0,0,0,0,1,0,0,0,0,0,0,0,0,0,0,0,0,0,0,0,0,0,1,412,7726
83,1,4905,5,4,9,16,149,0,11,2832,137,10,0,0,2,1,8,1,20,0,28,12,0,0,0,0,0,0,0,0,0,4,0,0,0,0,0,0,1,1,0,756,82,113,0,0,1489,0,0,1,2,0,0,1,0,0,0,0,2,0,0,1,0,0,0,0,0,0,0,0,0,0,0,0,0,0,0,171,3897
83,2,7119,6,10,42,24,321,0,12,5952,290,6,2,0,6,3,7,1,48,0,82,29,0,0,0,4,0,1,1,0,0,9,0,0,0,0,0,0,1,1,0,1853,202,320,1,0,3126,0,0,5,2,1,0,0,0,0,0,0,2,0,0,1,0,0,1,0,0,0,0,0,0,0,0,0,0,0,0,403,7010
84,1,4233,0,5,13,17,120,2,8,2588,153,5,1,0,1,3,4,0,10,0,26,16,0,0,0,0,0,1,1,0,0,4,0,0,0,0,2,0,0,0,0,653,96,94,2,0,1224,0,0,3,1,0,0,1,0,1,0,0,0,1,0,0,0,0,0,0,0,0,0,0,0,0,0,0,0,0,0,130,3395
84,2,6370,2,11,25,22,351,0,20,5308,271,12,7,3,10,4,11,0,39,0,63,20,4,0,0,4,0,1,1,1,0,9,0,0,0,0,2,0,0,0,0,1726,219,264,2,0,2886,0,0,3,2,0,0,0,0,0,0,0,1,0,0,0,0,0,2,0,0,0,0,0,0,0,0,0,0,0,0,325,6482
85,1,3746,1,5,9,11,133,1,11,2241,111,8,3,1,0,2,1,3,13,0,27,14,3,0,0,0,1,1,0,0,0,2,0,0,0,0,0,0,0,1,0,575,75,89,1,0,1091,0,0,0,0,0,0,0,0,0,0,0,0,0,0,0,0,0,0,0,0,0,0,0,0,0,0,0,0,0,0,109,3023
85,2,5949,9,4,23,31,313,2,16,4805,262,13,2,1,4,1,7,0,30,0,61,16,0,0,0,0,0,0,0,0,0,8,0,1,1,1,0,0,0,1,0,1553,206,250,3,0,2580,0,1,2,2,0,0,0,0,0,0,0,2,0,0,0,0,0,0,0,0,0,0,0,0,0,0,0,0,0,0,293,5722
86,1,3396,1,1,4,9,117,1,5,2006,98,5,0,1,2,4,7,0,7,0,18,8,1,0,0,0,0,0,0,0,0,4,0,0,0,0,0,0,0,0,0,478,52,70,0,0,951,0,0,0,0,0,0,0,0,0,0,0,0,0,0,1,0,0,0,0,0,0,0,0,0,0,0,0,0,0,1,83,2549
86,2,5510,3,9,13,32,297,0,7,4264,190,11,0,0,4,4,5,1,39,0,44,24,1,0,0,1,0,0,0,0,0,5,0,0,0,0,0,0,0,3,0,1489,169,209,3,0,2347,0,0,1,1,0,0,0,0,0,0,0,1,1,0,1,0,0,0,0,0,0,0,0,0,0,0,0,0,0,0,240,5413
87,1,2992,0,4,7,13,104,0,2,1645,89,2,0,2,1,3,4,1,6,0,14,7,0,0,0,0,0,0,0,0,0,2,0,0,0,0,0,0,0,0,0,429,67,61,1,0,803,0,0,1,0,0,0,0,0,0,0,0,0,0,0,0,0,0,0,0,0,0,0,0,0,0,0,0,0,0,0,81,2305
87,2,4983,1,6,15,23,261,0,13,3813,196,11,2,4,2,5,1,2,32,0,38,23,1,0,0,1,0,1,1,1,1,7,0,0,0,0,1,0,1,2,0,1343,168,225,1,0,2091,0,0,1,1,0,0,0,0,0,0,0,3,0,0,1,0,0,0,0,0,0,0,0,0,0,0,0,0,0,0,260,4986
88,1,2550,1,1,2,16,98,0,6,1325,65,2,1,1,5,1,5,0,11,0,12,10,1,0,0,0,0,0,0,0,0,3,0,0,0,0,0,0,0,0,0,322,56,37,2,0,682,0,0,1,0,0,0,0,0,0,0,0,0,0,0,0,0,0,0,0,0,0,0,0,0,0,0,0,0,0,0,65,1982
88,2,4508,2,7,21,20,263,1,11,3415,177,9,3,0,2,2,4,0,27,0,38,17,2,0,0,1,0,1,0,0,0,5,0,0,0,0,0,0,0,0,0,1151,173,162,0,0,1790,0,1,3,0,0,0,0,0,0,0,0,1,0,0,0,0,0,0,0,0,0,0,0,0,0,0,0,0,0,0,227,4603
89,1,2293,2,3,8,8,60,0,6,1057,59,3,2,0,1,1,2,2,3,1,9,5,0,0,0,0,0,0,0,0,0,3,0,0,0,0,0,0,0,0,0,300,45,47,0,0,535,0,0,0,1,0,0,0,0,0,0,0,0,0,0,0,0,0,0,0,0,0,0,0,0,0,0,0,0,0,0,48,1607
89,2,3843,1,9,10,21,237,1,7,2921,145,9,0,0,5,1,10,1,25,0,32,22,0,0,0,1,0,2,0,0,0,6,0,0,0,0,0,0,0,0,0,1006,112,184,1,0,1632,0,0,1,0,0,0,0,0,0,0,0,0,0,0,0,0,0,0,0,0,0,0,0,0,0,0,0,0,0,0,147,4015
90,1,1785,0,2,4,6,60,0,2,818,53,0,1,0,1,0,0,1,3,0,5,9,0,0,0,0,0,0,0,0,0,3,0,0,0,0,0,0,0,0,0,227,33,27,0,0,436,0,0,1,0,0,0,0,0,0,0,0,0,0,0,0,0,0,0,0,0,0,0,0,0,0,0,0,0,0,0,42,1330
90,2,3280,3,6,7,17,207,1,3,2457,129,4,0,1,1,2,7,0,16,0,19,14,1,0,0,1,0,0,0,0,0,2,0,0,0,1,0,0,0,1,0,855,122,105,0,0,1393,0,0,0,0,0,0,0,0,0,0,0,1,1,0,0,0,0,0,0,0,0,0,0,0,0,0,0,0,0,0,169,3451
91,1,1326,0,1,9,7,50,1,3,649,40,1,0,0,0,0,1,0,4,0,6,3,0,0,0,0,0,0,0,0,0,1,0,0,0,0,0,0,0,0,0,138,25,16,0,0,335,0,0,0,0,0,0,0,0,0,0,0,0,0,0,0,0,0,0,0,0,0,0,0,0,0,0,0,0,0,0,31,942
91,2,2486,2,4,8,15,180,0,9,1908,105,0,0,1,5,0,1,1,15,0,18,7,0,0,0,1,0,0,1,0,1,4,0,0,0,1,0,0,0,0,0,606,96,97,3,0,995,0,1,1,0,0,0,0,0,0,0,0,0,0,0,0,0,1,0,0,0,0,0,0,0,0,0,0,0,0,0,155,2745
92,1,959,0,1,3,5,41,0,0,470,31,0,0,1,1,0,0,0,1,0,3,4,0,0,0,0,0,0,0,0,0,4,0,0,0,0,0,0,0,0,0,106,24,14,0,0,201,0,0,0,0,0,0,0,0,0,0,0,0,0,0,0,0,0,0,0,0,0,0,0,0,0,0,0,0,0,0,30,700
92,2,1783,1,5,6,6,138,0,3,1458,82,3,0,0,5,1,0,1,8,0,19,10,0,0,0,0,0,0,0,0,0,2,0,0,0,1,2,0,0,1,0,499,58,80,1,0,804,0,0,0,0,0,0,0,0,0,0,0,0,0,0,0,0,0,0,0,0,0,0,0,0,0,0,0,0,0,0,95,2159
93,1,671,0,0,3,5,35,0,1,294,29,0,0,0,0,1,1,0,1,0,2,1,0,0,0,0,0,0,0,0,0,2,0,0,0,0,0,0,0,0,0,91,8,12,1,0,162,0,0,0,0,0,0,0,0,0,0,0,0,0,0,0,0,0,0,0,0,0,0,0,0,0,0,0,0,0,0,17,496
93,2,1385,0,0,7,5,102,0,2,1127,70,4,0,0,2,1,2,0,10,0,19,7,0,0,0,0,0,0,0,0,0,0,0,0,0,0,0,0,0,1,0,377,60,49,2,0,570,0,0,0,0,0,0,1,0,0,0,0,0,0,0,0,0,0,0,0,0,0,0,0,0,0,0,0,0,0,0,85,1693
94,1,465,0,0,2,0,20,0,1,193,12,0,0,0,0,0,0,0,1,0,1,3,0,0,0,0,0,0,0,0,0,1,0,0,0,0,0,0,0,0,0,53,10,9,0,0,105,0,1,0,0,0,0,0,0,0,0,0,0,0,0,0,0,0,0,0,0,0,0,0,0,0,0,0,0,0,0,11,352
94,2,1012,0,0,3,10,92,1,3,793,60,2,1,0,0,0,0,0,5,0,14,4,1,0,0,1,0,0,0,0,0,2,0,0,0,0,0,0,0,0,0,279,36,44,1,0,403,0,0,0,0,0,0,0,0,0,0,0,0,0,0,0,0,0,0,0,0,0,0,0,0,0,0,0,0,0,0,52,1295
95,1,291,1,0,1,0,8,0,1,137,11,0,0,0,0,0,1,0,3,0,3,2,0,0,0,0,0,0,1,0,0,0,0,0,0,0,0,0,0,0,0,45,3,3,0,0,70,0,0,0,0,0,0,0,0,0,0,0,0,0,0,0,0,0,0,0,0,0,0,0,0,0,0,0,0,0,0,9,231
95,2,696,0,0,3,4,61,0,1,592,37,0,0,1,0,0,1,0,3,0,8,7,0,0,0,1,0,0,0,0,0,0,0,0,0,0,0,0,0,0,0,230,29,34,0,0,302,0,0,1,0,0,0,0,0,0,0,0,0,0,0,0,0,0,0,0,0,0,0,0,0,0,0,0,0,0,0,40,856
96,1,182,0,0,0,2,2,0,0,79,3,0,1,0,0,0,0,0,0,0,3,1,0,0,0,0,0,0,0,0,0,0,0,0,0,0,0,0,0,0,0,28,4,4,0,0,43,0,0,0,0,0,0,0,0,0,0,0,0,0,0,0,0,0,0,0,0,0,0,0,0,0,0,0,0,0,0,5,153
96,2,489,0,1,2,1,49,0,0,416,21,1,0,0,0,1,0,0,2,0,10,1,0,0,0,0,0,0,0,0,0,1,0,0,0,0,0,0,0,0,0,127,18,19,1,0,199,0,0,0,1,0,0,0,0,0,0,0,0,0,0,0,0,0,0,0,0,0,0,0,0,0,0,0,0,0,0,21,655
97,1,101,0,0,0,2,5,0,0,46,5,0,0,0,0,0,0,0,0,0,0,1,0,0,0,0,0,0,0,0,0,0,0,0,0,0,0,0,0,0,0,12,3,2,1,0,26,0,0,0,0,0,0,0,0,0,0,0,0,0,0,0,0,0,0,0,0,0,0,0,0,0,0,0,0,0,0,3,104
97,2,364,0,0,2,3,32,0,3,265,21,0,0,0,0,0,1,0,6,0,4,3,0,0,0,0,0,0,0,0,0,2,0,0,0,0,0,0,0,0,0,89,11,10,0,0,160,0,0,0,0,0,0,0,0,0,0,0,0,0,0,1,0,0,0,0,0,0,0,0,0,0,0,0,0,0,0,22,484
98,1,54,0,0,2,0,4,0,0,38,3,0,0,0,0,0,0,0,0,0,0,0,0,0,0,0,0,0,0,0,0,1,0,0,0,0,0,0,0,0,0,10,3,1,0,0,21,0,0,0,0,0,0,0,0,0,0,0,0,0,0,0,0,0,0,0,0,0,0,0,0,0,0,0,0,0,0,1,62
98,2,209,0,0,0,2,20,0,0,178,14,1,0,0,1,0,0,0,1,0,4,1,0,0,0,0,0,0,0,0,0,1,0,0,0,0,0,0,0,0,0,68,16,3,1,0,88,0,0,1,0,0,0,1,0,0,0,0,0,0,0,0,0,0,0,0,0,0,0,0,0,0,0,0,0,0,0,11,307
99,1,29,0,0,1,0,1,0,0,9,2,0,1,0,0,1,0,0,0,0,0,0,0,0,0,0,0,0,0,0,0,0,0,0,0,0,0,0,0,0,0,3,1,0,0,0,7,0,0,0,0,0,0,0,0,0,0,0,0,0,0,0,0,0,0,0,0,0,0,0,0,0,0,0,0,0,0,1,29
99,2,109,0,0,2,2,12,0,1,111,6,1,0,0,0,0,2,0,1,0,1,1,0,0,0,0,0,0,0,0,0,0,0,0,0,0,0,0,0,0,0,52,9,5,1,0,60,0,0,0,0,0,0,0,0,0,0,0,0,0,0,0,0,0,0,0,0,0,0,0,0,0,0,0,0,0,0,7,189
100,1,38,0,0,1,1,1,0,0,20,2,0,0,0,0,0,1,0,0,0,0,1,0,0,0,0,0,0,0,0,0,0,0,0,0,0,0,0,0,0,0,6,0,1,0,0,8,0,0,0,0,0,0,0,0,0,0,0,0,0,0,0,0,0,0,0,0,0,0,0,0,0,0,0,0,0,0,0,31
100,2,105,0,1,3,1,10,0,0,119,8,0,0,0,0,0,0,0,2,0,2,0,0,0,0,0,0,0,1,0,0,0,0,0,0,0,0,0,0,1,0,44,3,5,0,0,41,0,0,0,0,0,0,0,0,0,0,0,0,0,0,0,0,0,0,0,0,0,0,0,0,0,0,0,0,0,0,5,185
